feature,rf_importance
param_288,0.020182474852462936
param_157,0.019505438169483632
param_905,0.017819832914393145
param_647,0.015766565894264298
param_223,0.01269104116543897
param_57,0.012462740335731358
param_1437,0.0123041276390536
param_1125,0.011054143116096309
param_1621,0.010910167515533928
param_1384,0.01012259942418867
param_1395,0.009043446704892065
param_2246,0.009035798407679296
param_670,0.008938190275911103
param_968,0.008711731272646146
param_1071,0.008606208241390854
param_438,0.007580212564074597
param_1565,0.007326397620264881
param_2079,0.0070750688333697225
param_1030,0.00653020168797859
param_298,0.0063245927418441004
param_1610,0.00608767575784835
param_1741,0.0055223239362035825
param_1656,0.00534198344321729
param_2241,0.0051347646744442305
param_978,0.004678412668571008
param_1927,0.004614020221809394
param_2256,0.004297917666746505
param_1825,0.00425894366084252
param_204,0.004206653544832318
param_2396,0.004013651651925373
param_2091,0.003970445216351694
param_1105,0.003952871470292515
param_478,0.003910862781104552
param_835,0.003899055083033442
param_315,0.003890326014981658
param_832,0.003837343495001425
param_1040,0.0036193929587429625
param_2219,0.003441496936453001
param_1296,0.0033787331182151153
param_236,0.003348366932819992
param_505,0.0033236791467265584
param_1651,0.0032564508524381406
param_1916,0.003203054803585465
param_1401,0.0031896541028004
param_1396,0.0031874662683941393
param_476,0.0031443361908234362
param_258,0.003097256642933887
param_2298,0.003081623373068616
param_714,0.003047300599203712
param_333,0.0030214043835931972
param_1483,0.003017952068773961
param_318,0.003002003096435125
param_341,0.002958649365131524
param_1908,0.0029393779011088455
param_292,0.002895439675898958
param_564,0.0028598256024234586
param_1267,0.0028533440815755482
param_2145,0.002850611290642902
param_534,0.002813253208663224
param_1292,0.0027829948463548673
param_2251,0.002722607775962452
param_1909,0.00269344493175261
param_2018,0.002632738960146246
param_1943,0.0026120225922700874
param_1586,0.002589671206760431
param_834,0.0025149334006462675
param_717,0.002475144269008207
param_525,0.0024706009397286724
param_1695,0.002424274801249701
param_372,0.002400489523716138
param_117,0.0023534664459647437
param_1942,0.0023140952427791696
param_1504,0.002304376678132823
param_2200,0.0022751796367559015
param_594,0.002259768913862539
param_683,0.0022403922728309543
param_2227,0.0022076780589224978
param_1435,0.002178591393766351
param_1425,0.0021345535846463335
param_145,0.0021276073641680305
param_1322,0.0021231954157834416
param_1003,0.0020836233931653225
param_330,0.0020684950075586708
param_620,0.0020410463165504546
param_401,0.0020398350381882467
param_1010,0.0020217933833548436
param_2221,0.001996326897078338
param_13,0.001993359925752277
param_65,0.00197781121210822
param_1615,0.001970900675303847
param_1206,0.001953298846954262
param_2078,0.0019374180612376183
param_723,0.001934292720031727
param_1683,0.0019018803330855209
param_1788,0.0018949489376473986
param_881,0.001891367203281636
param_388,0.001887484464650027
param_1403,0.001868553777225498
param_902,0.0018557050538956584
param_571,0.0018185431850137157
param_1276,0.001788268739910605
param_1089,0.0017631028246983056
param_49,0.00175527394314506
param_1445,0.0017519339613076108
param_2142,0.0017364971339874776
param_314,0.0017299989472846394
param_1758,0.0017226407907980105
param_1176,0.0017220526903092162
param_944,0.001721198155067557
param_1344,0.0016908866591326891
param_1331,0.0016883283120149647
param_1366,0.0016812635132274038
param_2471,0.0016429306657589921
param_2498,0.0016357860519677983
param_893,0.0016203551555548023
param_2182,0.0016165614876867053
param_89,0.0016114092372941854
param_1994,0.0016081302722985044
param_2177,0.0016005416050875446
param_2159,0.0015978467170383818
param_2099,0.001597358086162677
param_403,0.0015630920858457512
param_1937,0.0015623922900667876
param_982,0.0015597195511187012
param_1101,0.0015543588362331644
param_2254,0.0015542774943720342
param_897,0.001543302460046663
param_2046,0.0015423152071482153
param_908,0.0015316392376346739
param_981,0.0015282762231909645
param_97,0.0015279224268084327
param_744,0.001520151950295662
param_2319,0.0014988118917094995
param_126,0.0014977687297397222
param_2005,0.001485493382024416
param_208,0.0014815468449544179
param_2162,0.0014767410488702405
param_2460,0.0014564434938118904
param_2252,0.0014405062515346536
param_533,0.001437772592937753
param_2397,0.001432607665547891
param_1100,0.0014209059187000725
param_695,0.0014196634288822744
param_555,0.0014166576710365102
param_882,0.001409875977183792
param_1571,0.0014095514741669808
param_1511,0.0014086297509462752
param_2014,0.0013928758004159694
param_1842,0.0013890031749989168
param_2483,0.0013878633575750855
param_391,0.0013808476367339645
param_2301,0.001376460185832302
param_1085,0.0013693902079878629
param_1097,0.0013616505319123224
param_1173,0.0013576711110218865
param_1017,0.0013447465756366932
param_1678,0.001344580006104054
param_688,0.0013422398627432803
param_2285,0.001337804657160729
param_1016,0.0013345248563792814
param_96,0.00133185233363354
param_2035,0.001331606451591178
param_55,0.001326176890424525
param_2275,0.00132520770504313
param_407,0.001320749813610177
param_484,0.001308050060899414
param_1515,0.001305935703967823
param_693,0.0013029027900196746
param_414,0.0013025448794581436
param_327,0.0012962298874406584
param_378,0.0012811879920622024
param_530,0.0012789955357319052
param_366,0.0012753126095986268
param_1582,0.001272260897068032
param_399,0.0012721975406517448
param_1754,0.0012695463712052808
param_2382,0.0012652488444535497
param_925,0.0012645630496305616
param_2260,0.0012628526030704706
param_84,0.0012613465153507265
param_500,0.001254515042306428
param_304,0.001251147037791407
param_1742,0.001249869202758979
param_263,0.001249846008297676
param_1751,0.0012301076859591062
param_990,0.0012260049969582414
param_2039,0.0012227443886567817
param_1954,0.0012222033590927545
param_2258,0.0012215456420806312
param_1243,0.001220597692130794
param_321,0.0012182012210019534
param_1723,0.0012136232383808416
param_429,0.001213184014220975
param_527,0.0011963101157490797
param_441,0.0011929015525316362
param_1060,0.0011896304742026538
param_2372,0.0011864037777114375
param_797,0.0011862933847612087
param_927,0.0011846449115260648
param_640,0.0011792347470944257
param_1627,0.0011733893581736704
param_1081,0.0011726160670750042
param_1406,0.0011713038004874216
param_1114,0.0011673777732402106
param_427,0.0011617063676278329
param_1777,0.0011423414048942438
param_2415,0.0011421005541298566
param_1824,0.0011396910561365257
param_147,0.001137141313735736
param_210,0.0011286111756507186
param_454,0.0011223936076083488
param_203,0.0011178333566804063
param_1925,0.0011120107655662737
param_1310,0.0011101302589882696
param_810,0.0011087474031717236
param_828,0.0010998202603863536
param_543,0.001094945925438593
param_2489,0.0010884223765717281
param_2404,0.0010839258223854934
param_1580,0.0010803694405148577
param_502,0.001079849591592695
param_291,0.0010751971742929817
param_254,0.00107196939649755
param_1971,0.0010700822005909026
param_163,0.0010619218281596994
param_1623,0.0010613144487001266
param_2194,0.0010502463663744953
param_1025,0.0010455437560070817
param_1314,0.0010439142284313638
param_1143,0.0010381011408597974
param_344,0.0010375952583476708
param_854,0.0010338083210334236
param_2176,0.0010234303843940974
param_1357,0.0010223384839465216
param_1158,0.001021308250682777
param_1753,0.0010194530599379728
param_1113,0.0010152149930281883
param_1480,0.0010125733896911467
param_2308,0.0010089160269264497
param_532,0.0010086079868667117
param_922,0.001004634167487642
param_1033,0.0009953575760738697
param_2233,0.0009953131280194178
param_742,0.0009939833257817114
param_493,0.0009902809885426304
param_320,0.0009884789648000277
param_2032,0.0009795356545190404
param_1594,0.0009636295687837593
param_933,0.0009595132347603534
param_1919,0.0009547705399701188
param_1706,0.0009535204368271558
param_736,0.0009520252413364444
param_1564,0.0009405880290616166
param_2485,0.0009389503735519378
param_1527,0.0009338002515422474
param_142,0.0009292325172859443
param_1216,0.0009161803505482219
param_158,0.0009147659532293705
param_1826,0.0009137733612485518
param_1891,0.0009129111672489175
param_983,0.0009119130481250873
param_1620,0.0009105074538748022
param_691,0.0009099631032932809
param_1059,0.0009059970805998898
param_2496,0.0009053762394908221
param_987,0.0009050033308882315
param_278,0.000901068299775004
param_2312,0.0008999463599349647
param_1236,0.000899355930724166
param_2147,0.0008989783387507465
param_559,0.0008937186447858215
param_1843,0.0008921067150353877
param_772,0.000888448060806036
param_2356,0.0008871573780080817
param_2352,0.0008871507529585368
param_1707,0.0008799224444007188
param_1924,0.0008792739434625949
param_1932,0.00086892046041109
param_869,0.0008649956315700583
param_1799,0.0008626488914694932
param_2288,0.0008621253174725441
param_1442,0.000857850213487372
param_199,0.0008567853531517056
param_1073,0.00085662743557046
param_1961,0.0008565058665176942
param_2128,0.000852310689381577
param_924,0.0008514941774500045
param_1963,0.0008513699634185977
param_2036,0.000850088364031947
param_700,0.0008455595805042073
param_1933,0.0008444307781114709
param_1237,0.0008419444198002872
param_141,0.0008413638813954468
param_1232,0.0008409339292512307
param_1436,0.0008395869719460689
param_2421,0.0008344553344045729
param_2363,0.0008294428933617564
param_1154,0.0008273789029082458
param_2001,0.0008253285119841899
param_833,0.0008237114547546561
param_1439,0.000821943848434566
param_1574,0.0008191423366306403
param_1803,0.0008171632847944028
param_282,0.0008169013845620441
param_201,0.0008152870523112242
param_1632,0.000814377263699626
param_332,0.0008080244196504475
param_738,0.0008012191837012106
param_2025,0.0008012120187071351
param_692,0.0007973504119505468
param_1846,0.0007943353306797065
param_2049,0.000793162773955838
param_1487,0.0007903684444726629
param_1974,0.0007902410464184701
param_995,0.0007895653107915534
param_865,0.0007875102490046901
param_528,0.0007858002848750563
param_2376,0.0007813600508838571
param_801,0.0007783801834830863
param_382,0.0007776412662564414
param_720,0.0007775029480776367
param_840,0.0007771565331378147
param_329,0.0007757278761184593
param_884,0.0007754679093761014
param_698,0.0007749474073240725
param_780,0.0007726400395670532
param_1248,0.0007667336273540873
param_1308,0.0007650903203934192
param_389,0.0007642461166793885
param_2117,0.0007631785487800033
param_2247,0.0007611917917643463
param_1123,0.0007608316132720114
param_2374,0.0007576753663026911
param_556,0.0007546297469239908
param_867,0.000754003072962311
param_1794,0.0007513698453509106
param_1262,0.0007495118344578898
param_2056,0.0007404826464720936
param_2045,0.0007402563152668837
param_2293,0.0007397036973480148
param_508,0.0007381542551636124
param_1136,0.0007363524320532427
param_851,0.0007361550619029425
param_1630,0.0007361135219173641
param_2388,0.0007360339925629613
param_844,0.0007345124793522918
param_2007,0.0007343088055913509
param_560,0.0007309361838217077
param_2135,0.0007266980465137393
param_2178,0.0007204467578668534
param_1588,0.0007200544927121164
param_189,0.0007151770479898895
param_1901,0.000714130507856686
param_2426,0.0007139402764600789
param_1477,0.0007115647122950769
param_1373,0.0007113135179916784
param_2270,0.0007107402130216392
param_942,0.0007098188840285736
param_1850,0.000707784126287362
param_2407,0.0007070007525355076
param_1894,0.0007010436391203632
param_1884,0.0007009994082844603
param_1612,0.0006996961573275485
param_889,0.0006970553648630121
param_2398,0.000694605038271645
param_2069,0.0006945771538642968
param_2417,0.0006938266651798838
param_1752,0.0006934041630475976
param_485,0.0006926552872214901
param_2097,0.0006918454729482804
param_1382,0.0006897428907086107
param_2290,0.0006869692226936306
param_1806,0.0006866827259840627
param_1947,0.0006841574217542607
param_2098,0.000681138226090399
param_1993,0.0006811276542670512
param_1578,0.0006805620293268435
param_1482,0.0006774029276541292
param_310,0.000674979354994007
param_1791,0.0006746301925790527
param_362,0.0006737825070582006
param_2281,0.0006723478481713739
param_115,0.0006712847547019988
param_1804,0.0006672341448393725
param_2481,0.0006658537478081355
param_1560,0.0006645275882335704
param_1443,0.000663148596187289
param_271,0.0006623568054388167
param_2187,0.0006614018418581682
param_1045,0.0006605944898384817
param_446,0.0006595495178679473
param_976,0.000658957592055425
param_1317,0.0006573009203139728
param_741,0.0006538521749003462
param_709,0.0006530229685579928
param_928,0.0006518022778246518
param_246,0.0006498120401827614
param_465,0.0006461368411681891
param_878,0.0006452954358255432
param_958,0.000645022675653777
param_1641,0.0006443508753789666
param_1566,0.000642626649073472
param_2191,0.000642274301085403
param_277,0.0006405335068867475
param_1958,0.0006378405000039272
param_2414,0.0006321467297211507
param_638,0.0006319000540459256
param_1051,0.0006311965110267558
param_133,0.0006303146631381605
param_2108,0.0006295268347283192
param_2086,0.0006250799006739162
param_1137,0.0006235784152790746
param_148,0.000622772167871831
param_1661,0.0006221658625828021
param_1452,0.0006205184751899718
param_2243,0.0006202470270842837
param_2380,0.0006196304406252173
param_122,0.0006186057665896846
param_2494,0.0006175495529120765
param_1043,0.0006130352139301173
param_2416,0.0006117214346966276
param_46,0.0006115331313030653
param_2395,0.0006113055494323141
param_2119,0.0006091549812542121
param_1311,0.000608348225981886
param_311,0.0006056432917087826
param_757,0.0006054029919059483
param_1559,0.000601387518478793
param_1841,0.0005996039940541425
param_91,0.0005977820335662332
param_92,0.0005971521739749424
param_633,0.0005964622860978153
param_1235,0.0005912677611103954
param_817,0.0005900599136176147
param_1530,0.000589255854920612
param_1414,0.0005865463192081255
param_630,0.0005834170015324287
param_2391,0.0005818725139810731
param_390,0.0005818128378708554
param_2225,0.0005816834869000527
param_1014,0.0005809491443582121
param_129,0.0005807716730698982
param_1759,0.0005772747608984189
param_1362,0.0005771357272873955
param_1876,0.0005755436818372535
param_356,0.0005754673766596015
param_651,0.0005745903912881236
param_831,0.0005742374061604146
param_106,0.0005737831326684984
param_1341,0.0005701523540412499
param_2198,0.000568865743094659
param_2362,0.0005683600353769326
param_489,0.00056779944080644
param_937,0.0005667365233252882
param_2160,0.0005585577520253198
param_795,0.0005584068145457414
param_590,0.0005572547410299117
param_1466,0.0005547329995179185
param_1672,0.0005535112699301924
param_1201,0.0005512582271211625
param_1664,0.0005482451626630319
param_820,0.0005456177497869026
param_2465,0.0005447873699578824
param_2064,0.0005397601473444524
param_1682,0.0005382387336436238
param_909,0.0005373995533777358
param_413,0.0005345658009919708
param_7,0.0005341669601836026
param_2339,0.0005325457419659928
param_37,0.0005306512757468537
param_1019,0.0005295373320040605
param_1725,0.0005295028546251422
param_2304,0.0005257567415893191
param_1078,0.0005252922461608033
param_1680,0.0005223818418199226
param_1169,0.0005204142525423976
param_595,0.000519611669615984
param_2448,0.0005189348877490235
param_39,0.000515614116087696
param_960,0.0005132277518094458
param_1378,0.000512293246615782
param_2442,0.0005121630675831387
param_155,0.0005103077997953738
param_139,0.0005062265238161299
param_1537,0.0005054920293329828
param_643,0.000502423132873975
param_275,0.0005023777848329289
param_2167,0.0005014302034850553
param_1309,0.0004992004133394262
param_1906,0.0004990004252009811
param_2068,0.0004989830984354503
param_598,0.0004980148945527532
param_914,0.0004978168066466778
param_41,0.000497421487412218
param_1472,0.0004966796308915153
param_395,0.0004949093465527241
param_217,0.000494762471808318
param_94,0.0004911220008915328
param_60,0.000490572231841328
param_79,0.000488803300706439
param_52,0.0004884113991982734
param_1605,0.0004872507735539076
param_1263,0.0004870739638785308
param_1353,0.0004847617946752409
param_794,0.0004771927772793614
param_1203,0.0004763095387817676
param_255,0.00047607239530288
param_2329,0.0004758486486130793
param_806,0.00047353855247406635
param_2013,0.00047352172771372193
param_313,0.0004726309979234198
param_579,0.00047002328738887645
param_72,0.00046594462316887103
param_1503,0.0004656267739142836
param_116,0.00046429386832193357
param_753,0.00046213215370487215
param_2021,0.00045797313527995133
param_1093,0.00045694568947451627
param_375,0.0004560819513244375
param_1067,0.00045458837577646064
param_2437,0.0004528041928909768
param_1905,0.0004526262291614891
param_1548,0.00044859324621597676
param_519,0.00044820855789663467
param_2333,0.00044392567437196616
param_2309,0.00044390304549656923
param_1696,0.00044358612705675546
param_1498,0.0004433211986136578
param_778,0.00044302380081561073
param_858,0.00044193204705918817
param_1604,0.00044176970861728936
param_1991,0.0004408035148250532
param_1440,0.0004406194470398813
param_1567,0.0004402351169000815
param_1297,0.00044011547938051194
param_2006,0.0004398691127821841
param_200,0.00043887231915578956
param_471,0.0004384519153461362
param_1554,0.00043833767953827034
param_1551,0.0004377987381740075
param_547,0.0004361255549653532
param_440,0.00043606456555874936
param_1163,0.00043540663708059693
param_998,0.00043398652682201806
param_1280,0.00043006637462775807
param_1065,0.00042971430412600654
param_234,0.0004285743972121031
param_2342,0.0004270717912190565
param_38,0.00042646847614626635
param_1531,0.00042587633564407856
param_546,0.00042550192430153587
param_1035,0.0004252191108009791
param_1386,0.0004219405225939978
param_770,0.00042172103080265487
param_1175,0.0004206050323631313
param_253,0.00041976730482383125
param_1174,0.00041932627726857917
param_2133,0.0004184649438080192
param_1277,0.00041725208211899504
param_241,0.00041714813168333904
param_1048,0.000416359577679194
param_2223,0.00041600733017030004
param_850,0.0004148744317808518
param_2137,0.00041403563570674326
param_1608,0.00041232675254277383
param_2209,0.0004117070002488319
param_76,0.0004112469578698453
param_2369,0.0004112054290946737
param_2495,0.0004110803822607449
param_428,0.0004095047975572437
param_1186,0.0004093583378195402
param_1149,0.00040787604409531567
param_1244,0.0004072613511361868
param_24,0.0004050631094839458
param_1988,0.0004029879250129541
param_350,0.0004029055292147676
param_317,0.00040222048324739626
param_1810,0.0004011869857742711
param_2449,0.0004006189486766009
param_1229,0.0003977358205013902
param_411,0.000397145582094293
param_511,0.00039275890074967195
param_1618,0.0003915781337716992
param_853,0.0003909704181634419
param_1866,0.0003903069332147455
param_472,0.000389153074895673
param_1836,0.00038884023800324536
param_1104,0.00038851989287717
param_1084,0.0003883542035585236
param_1847,0.0003856554758195492
param_1628,0.00038479741389735073
param_2015,0.00038472967835262494
param_1293,0.00038397653891406557
param_1457,0.00038328322427710394
param_1508,0.000382500408985617
param_2336,0.00038200663380518867
param_1830,0.0003806269233215718
param_1046,0.00037859330565655376
param_1099,0.00037842136908138203
param_926,0.00037820024943187314
param_1400,0.0003779241328112612
param_776,0.0003774439691691298
param_1304,0.00037718377277931283
param_518,0.0003771297691058372
param_132,0.00037571608256828923
param_479,0.0003743835638451761
param_131,0.0003732484135599083
param_1956,0.00037206881696010815
param_1200,0.0003714974726524078
param_216,0.0003704204655392682
param_2420,0.00036899108947281055
param_1657,0.0003686953715878209
param_78,0.0003675868465489049
param_1407,0.00036720789847842695
param_2434,0.00036701118042368976
param_198,0.00036653701191997207
param_715,0.00036225858689007686
param_1934,0.0003615564660244836
param_67,0.0003602059806631692
param_2411,0.0003601321475019898
param_2140,0.00035867120002389645
param_2004,0.00035769028312362315
param_40,0.0003558841834365998
param_1408,0.0003528280046494273
param_45,0.0003514986656596972
param_862,0.00035017480015253085
param_1195,0.00035011792357477427
param_1432,0.00034976852113627007
param_1870,0.00034825758088216565
param_969,0.0003449928077040487
param_848,0.00034461479385564336
param_578,0.00034403265935456414
param_1231,0.0003438534405896492
param_1004,0.0003433834439613907
param_1650,0.0003428925529600585
param_355,0.0003426386096402357
param_2058,0.00034245661336505893
param_2127,0.0003410760009984331
param_1665,0.00034103791034946804
param_120,0.0003394082672030998
param_1076,0.0003380962524194203
param_565,0.0003379373707560758
param_4,0.00033631804377483657
param_870,0.00033608098647628894
param_765,0.00033494057170757954
param_460,0.0003336845851883211
param_629,0.0003333763038937624
param_2020,0.0003325385820743948
param_2368,0.0003322758888247977
param_2208,0.00033071399842770163
param_1648,0.00033050087718100574
param_437,0.0003292775974471194
param_1854,0.00032917698742276175
param_2195,0.0003274852186631513
param_1485,0.0003269645586678686
param_2373,0.0003265253331193842
param_2386,0.0003187293243042456
param_2156,0.0003154205864334001
param_205,0.00031489393423576515
param_544,0.0003137372190961166
param_1333,0.00031365026462917036
param_312,0.0003116330395219787
param_1815,0.0003077984833694983
param_1705,0.0003065005782288935
param_376,0.0003060498023396103
param_1546,0.0003045833536936442
param_2378,0.0003042052723683992
param_574,0.0003037214310386867
param_30,0.00030343866846401033
param_1746,0.00030298192814079937
param_130,0.00030205565169430835
param_1219,0.00030166777097205306
param_517,0.0003009664589323327
param_1291,0.0003007473502620174
param_101,0.00030062369013685405
param_2346,0.0003000388710626314
param_731,0.00029765774950568847
param_1429,0.00029700795345963434
param_488,0.0002944991820639876
param_2052,0.00029343880303260616
param_1601,0.00029302580002237857
param_1895,0.00029288592797710325
param_1326,0.0002921020887154041
param_771,0.0002913898965661164
param_2024,0.0002896954332080569
param_1177,0.00028953408903777404
param_2120,0.0002893057914222323
param_2268,0.00028774956417462765
param_956,0.00028757089960580436
param_1147,0.0002867224682404288
param_1153,0.00028401308420814215
param_887,0.0002832730076160119
param_569,0.0002811813957351115
param_637,0.00027839512840067396
param_2355,0.0002782296423407247
param_243,0.0002765040137883743
param_239,0.0002763769885334444
param_190,0.0002763248730156665
param_2468,0.0002762347439947922
param_1584,0.00027618654940578675
param_655,0.000275660842092054
param_607,0.0002755857348397002
param_348,0.00027306401507330046
param_228,0.0002714059296817997
param_2250,0.0002712584906607883
param_2257,0.00027114758285265466
param_2292,0.0002701203980750206
param_872,0.00026947526286807293
param_2307,0.000267965920724575
param_1240,0.0002661081301261988
param_842,0.0002654303354595385
param_1629,0.00026531668919711613
param_1510,0.000264501582148747
param_1088,0.0002637369681043026
param_747,0.0002621562642314663
param_779,0.00026168728171257105
param_972,0.00026121459081166317
param_859,0.0002611161969759836
param_1918,0.0002608246412802009
param_124,0.00026043297933036534
param_548,0.0002588280377545205
param_1785,0.00025822488902747706
param_272,0.0002575956474320226
param_733,0.000257363876340495
param_358,0.0002567188244797206
param_1597,0.00025519046902799193
param_1228,0.0002550833831855731
param_1475,0.00025497095807995487
param_1129,0.0002538882454968572
param_1224,0.00025349299013846755
param_1532,0.00025348672942144846
param_679,0.0002531059342290213
param_2026,0.00025046333518834814
param_1251,0.0002485349996998794
param_2430,0.0002484047895575837
param_68,0.0002481873508281683
param_2488,0.00024748613933013136
param_903,0.0002465477349648023
param_1821,0.0002457587247300784
param_825,0.0002444724947223811
param_2077,0.0002442256340787544
param_1421,0.000244149746037215
param_2422,0.00024291760133298603
param_256,0.000242830251499774
param_56,0.00024250410974059906
param_1957,0.00024131787908190062
param_1869,0.0002412964441708744
param_1710,0.00024088363044264723
param_1611,0.00023979273764106575
param_224,0.0002391921503804575
param_2057,0.00023903806781898378
param_673,0.0002388402771708798
param_2190,0.00023873191447295946
param_1501,0.00023795000295496097
param_323,0.00023791673796341923
param_1358,0.00023731363067422035
param_2474,0.00023684124265442233
param_577,0.00023566051785555616
param_1492,0.00023433059363965915
param_392,0.000234137312288514
param_105,0.00023347349147630499
param_792,0.00023326042704592862
param_2034,0.0002321798355748574
param_1500,0.00023166513882398815
param_989,0.0002315597477503737
param_492,0.00023137802217522207
param_36,0.0002306310152433831
param_1286,0.00022962309675604624
param_1062,0.0002287431211686527
param_576,0.0002284095493751797
param_2284,0.00022809755583671525
param_2126,0.0002279269219233195
param_1447,0.00022731937148404694
param_1223,0.00022449363673837614
param_179,0.00022332439608062574
param_653,0.0002231773192775365
param_1222,0.00022277360581420653
param_1399,0.00022217912697722247
param_668,0.00022141707810357985
param_1973,0.0002213331982967042
param_2341,0.0002212753760925083
param_682,0.0002208478848655526
param_1888,0.00022072867831265995
param_464,0.00021889309121621644
param_1903,0.00021845215389681248
param_1936,0.00021714888925423637
param_2141,0.00021701333662313573
param_1094,0.00021692782931927783
param_1091,0.0002166388795340521
param_1072,0.0002157216714004392
param_1689,0.00021561711348790276
param_192,0.00021483562808849883
param_1282,0.00021477106723009144
param_1434,0.0002146423558734175
param_494,0.0002136643180507844
param_405,0.0002127606219955902
param_2445,0.00021219793647961124
param_1709,0.0002118419936894227
param_761,0.00021173512985386557
param_1748,0.00021171658867510847
param_2266,0.00021141390707687553
param_191,0.00021065572831551366
param_125,0.00020909716860718805
param_1295,0.00020719283682990114
param_1256,0.0002063704255628173
param_1132,0.0002055488368818908
param_1166,0.00020535200648366024
param_1545,0.00020525743308295077
param_87,0.00020441328364636483
param_154,0.00020433574830139975
param_1807,0.00020413454878688846
param_1863,0.000203707017537377
param_1102,0.00020359561668057582
param_621,0.00020285480213804203
param_1007,0.000202474178150009
param_1849,0.00020242592095815018
param_238,0.0002017009100828366
param_1441,0.00020139904481297988
param_1028,0.0002013303759816219
param_1108,0.0002012212032324638
param_212,0.00020026983773845398
param_1800,0.00019994692082533704
param_2063,0.0001995802186290845
param_1103,0.00019858120834633587
param_1920,0.00019840641353750178
param_1159,0.0001978805810141206
param_1239,0.00019715498209428543
param_1227,0.00019701363401940708
param_420,0.0001956567856302803
param_1454,0.00019546131181978103
param_1374,0.00019535963840762165
param_1543,0.0001946998631829644
param_1557,0.00019460209054512225
param_1701,0.0001938744875755756
param_1431,0.00019383102855784434
param_935,0.00019301899481485412
param_2214,0.00019243757062652745
param_1589,0.0001920794877448698
param_2435,0.00019151200586940576
param_2330,0.00019128681158213733
param_1864,0.00019108410630398206
param_1634,0.00019086335354438948
param_583,0.00019026973675260545
param_1325,0.0001901889693424863
param_1592,0.00019011440495817115
param_663,0.00018969617415402336
param_1518,0.00018830689436132858
param_619,0.0001878806780115535
param_1819,0.0001878051499681817
param_347,0.0001876276927097525
param_2364,0.0001866352922932603
param_443,0.0001854208593414867
param_1230,0.0001852077855186239
param_2446,0.00018226140263442718
param_2475,0.00018225765893838553
param_28,0.0001820434563960462
param_718,0.0001818031711510475
param_1910,0.00018169122750656062
param_822,0.00018143817314381186
param_542,0.0001812944433336411
param_1793,0.0001812839601082973
param_2261,0.00018104440600419616
param_2121,0.00017960900635204173
param_1619,0.00017932908471806995
param_615,0.00017915875317598608
param_1155,0.0001787323058251109
param_1404,0.0001784326999121713
param_1074,0.00017767111692504139
param_2236,0.00017766294129871574
param_2457,0.00017749584540861893
param_264,0.00017644162375112708
param_1289,0.00017640133009279988
param_1585,0.0001752956079007226
param_70,0.00017484728200136627
param_2349,0.00017484192346382536
param_1127,0.0001745887819734739
param_206,0.00017386948318673766
param_1614,0.00017316693002813156
param_1970,0.00017315231930910735
param_1761,0.00017146207656904184
param_1388,0.0001707245435747182
param_1254,0.00017065808165165556
param_1217,0.00017022715866823538
param_728,0.00016706987306223996
param_1465,0.00016702776595693878
param_103,0.0001670083146575172
param_986,0.00016669753123348862
param_890,0.00016656130215843775
param_2269,0.00016569520676161075
param_2042,0.00016529526009418128
param_1581,0.00016498508152715418
param_1194,0.00016460097216593512
param_2105,0.0001645206499152772
param_1833,0.00016288391536349242
param_345,0.0001609702046796667
param_261,0.00016030961141787656
param_1873,0.00015902800167057096
param_1086,0.00015808267339434453
param_1438,0.00015770650642728585
param_592,0.00015673755689643457
param_373,0.00015672183284510638
param_1893,0.00015666105099301748
param_2180,0.00015613493612459653
param_331,0.00015601308642781983
param_1260,0.00015541536364730075
param_164,0.00015534136997713755
param_920,0.00015455668098252718
param_1576,0.00015430996744787796
param_943,0.00015386969800108155
param_2125,0.0001529585976101822
param_802,0.00015278807213553504
param_300,0.00015274737891149472
param_2295,0.00015242496065978576
param_2381,0.0001519441380261518
param_1077,0.00015187586054259556
param_363,0.00015174843834848883
param_1727,0.0001510996709160782
param_1161,0.00015062953626956228
param_59,0.00015034065327669476
param_1319,0.00014956698931916802
param_1255,0.00014920051222290395
param_2211,0.00014883199896007494
param_1599,0.000148792779755339
param_473,0.00014840288058798668
param_1252,0.0001476724768692525
param_1141,0.0001474381390528789
param_916,0.00014727427282796148
param_1853,0.00014719373116150203
param_2444,0.0001464453652895168
param_109,0.0001463704765967588
param_1879,0.00014613272209721366
param_604,0.00014597965932202405
param_1813,0.00014595289421942846
param_1022,0.00014585012128681156
param_1859,0.0001454371097603383
param_406,0.00014543335845682863
param_1561,0.00014491485449584537
param_522,0.00014427835865593198
param_934,0.00014396869479081344
param_461,0.00014312783707426694
param_581,0.00014245237502145117
param_1928,0.00014221799986515894
param_1714,0.00014189478349743896
param_326,0.00014167538059232433
param_811,0.0001411901419153304
param_453,0.00014113501231462599
param_1590,0.0001409475580980977
param_227,0.00014070706386198667
param_1107,0.00014068311526687632
param_2090,0.00014028731374283448
param_219,0.00014023537748370274
param_803,0.0001389804671450347
param_768,0.00013885530755739008
param_1290,0.00013814178261462894
param_1568,0.00013695666689504175
param_705,0.00013682439723166693
param_281,0.00013620136849428407
param_1111,0.0001361427392453086
param_2358,0.00013549938913180078
param_99,0.00013532854568465517
param_773,0.0001350765488737793
param_929,0.00013486119284006516
param_790,0.00013445891905673426
param_818,0.00013438222231508778
param_947,0.00013434462155811352
param_2334,0.00013427217368532708
param_26,0.00013409739907150825
param_1658,0.0001337601957628261
param_687,0.00013327812043960612
param_1844,0.00013294731767805792
param_15,0.00013259025044583906
param_160,0.0001324050978011872
param_456,0.00013239719810457585
param_135,0.00013232840382665638
param_1140,0.0001322997986935794
param_735,0.00013221523424090283
param_815,0.00013197669507629422
param_1095,0.00013197060805212246
param_904,0.0001319259052985059
param_2148,0.00013162800242545364
param_398,0.00013145599560505873
param_2500,0.00013144940102631327
param_1323,0.0001308735945295841
param_821,0.0001307082733966978
param_1146,0.0001306792856570524
param_1098,0.00013009917679463582
param_2076,0.0001298901805476833
param_1516,0.00012987004547446862
param_513,0.00012937459099413107
param_459,0.00012935284683116788
param_2161,0.0001288066754311386
param_955,0.00012849179068434715
param_1829,0.00012848723240321328
param_2168,0.0001281742903325813
param_2477,0.00012816727467024718
param_953,0.0001269891787147183
param_1855,0.00012683342928685167
param_743,0.00012645858876193921
param_616,0.00012612837359823588
param_1496,0.00012583300157758688
param_614,0.00012582730044423908
param_1424,0.00012461391570182687
param_2323,0.00012386481880317943
param_44,0.00012253727353605582
param_1749,0.0001224012488643857
param_140,0.0001223879808291224
param_766,0.0001223015400856058
param_2011,0.00012160088535523947
param_176,0.00012158236188537025
param_1976,0.00012151225382818591
param_1151,0.00012142525849705033
param_1782,0.00012077787401555707
param_669,0.00012037573852694066
param_1416,0.00011947247920408697
param_2081,0.00011850033799652417
param_1337,0.00011816489287643333
param_991,0.00011797079894710233
param_504,0.00011788877786725137
param_558,0.0001173383616877878
param_636,0.0001173288035808048
param_1944,0.00011720600827607964
param_784,0.00011672686573628188
param_1898,0.00011664000778493744
param_1514,0.00011624576469139271
param_1265,0.0001161286720875823
param_1402,0.00011562392688840057
param_499,0.00011550416194459368
param_1774,0.00011516257141485092
param_1986,0.00011512744655639196
param_788,0.00011460207877086467
param_2367,0.00011414656688375038
param_2023,0.00011398943628064977
param_2297,0.00011385225419464279
param_1679,0.00011341772764525156
param_625,0.0001133657110001479
param_1930,0.00011336355554394507
param_1633,0.00011329501712589294
param_1106,0.00011316267511133405
param_2110,0.00011264413142105389
param_622,0.00011246056825228075
param_1670,0.00011244693014909169
param_1355,0.00011184083389608718
param_1860,0.00011175467471716868
param_665,0.00011143532868731802
param_1207,0.0001113692076966354
param_985,0.00011091259172341161
param_207,0.0001105817595688346
param_2255,0.00010951042736186916
param_2179,0.00010929304945170271
param_1145,0.00010893531490857788
param_1534,0.0001083208088523829
param_1637,0.0001080998017557803
param_1914,0.00010804131970923905
param_659,0.00010753385453377144
param_107,0.00010661351197980673
param_605,0.00010618239738712328
param_1722,0.00010574867336497607
param_490,0.00010557048002690052
param_2238,0.00010510896657579839
param_393,0.00010474419590405806
param_1938,0.00010472289851893454
param_1996,0.0001044222263434492
param_1318,0.00010434703404773159
param_1770,0.00010397085513387625
param_235,0.00010396415048283196
param_1764,0.00010394244412505073
param_415,0.00010389207473500104
param_1649,0.0001038497265063487
param_2095,0.00010362173260164726
param_81,0.00010360573910868728
param_599,0.00010350087278441308
param_25,0.00010312320570689986
param_1745,0.00010002948713117685
param_242,9.984534329184305e-05
param_32,9.976139976547374e-05
param_1433,9.935320725300567e-05
param_480,9.89890993450373e-05
param_127,9.809838019567646e-05
param_1334,9.758112580046763e-05
param_1579,9.656204287526194e-05
param_1747,9.633831406121335e-05
param_245,9.614785664601867e-05
param_82,9.581336699559351e-05
param_2083,9.535852236818167e-05
param_2440,9.52904761247007e-05
param_1209,9.525078679947401e-05
param_1801,9.485554814718198e-05
param_1196,9.467307165710151e-05
param_2087,9.431527496325482e-05
param_2491,9.423503088165851e-05
param_656,9.406481328917483e-05
param_1913,9.356714572211103e-05
param_545,9.324104182041788e-05
param_589,9.324031145709871e-05
param_1385,9.306305666487947e-05
param_1281,9.260139370269848e-05
param_1964,9.259444679738147e-05
param_309,9.259078751303333e-05
param_2412,9.25562869621305e-05
param_1347,9.234251439226587e-05
param_1556,9.221069139466372e-05
param_457,9.202130308447781e-05
param_1449,9.169562596149605e-05
param_295,9.107801094741738e-05
param_262,9.082319709855644e-05
param_1197,9.05271915298246e-05
param_349,9.050971620841717e-05
param_1116,9.044734607723361e-05
param_250,9.032188185426528e-05
param_1886,9.012470933492579e-05
param_750,8.99944380574827e-05
param_1316,8.981828964403037e-05
param_1784,8.951550943590157e-05
param_174,8.938836369785177e-05
param_694,8.935214177837941e-05
param_423,8.922793154080401e-05
param_2350,8.897218071430714e-05
param_2480,8.883313968269633e-05
param_178,8.850055125131755e-05
param_1839,8.840764272645364e-05
param_260,8.82858450017968e-05
param_2409,8.824379757124142e-05
param_710,8.801372310802594e-05
param_2443,8.78776433232095e-05
param_409,8.776588358112257e-05
param_1,8.74622697366271e-05
param_2306,8.724901182732295e-05
param_950,8.717186907342946e-05
param_1583,8.70158882392543e-05
param_940,8.696693493305096e-05
param_1034,8.672262267537087e-05
param_1811,8.643155254637768e-05
param_1024,8.63011309781821e-05
param_1883,8.616799397865957e-05
param_1302,8.607265698429482e-05
param_1426,8.605619364447916e-05
param_1393,8.604691321450344e-05
param_1090,8.565402852854376e-05
param_1731,8.555080249360699e-05
param_678,8.523501936456188e-05
param_1921,8.5221844003078e-05
param_819,8.520371172487557e-05
param_2199,8.484503032383552e-05
param_1967,8.482905230005048e-05
param_1495,8.449451107957774e-05
param_410,8.431845798391396e-05
param_2151,8.401885400921192e-05
param_948,8.381609047190509e-05
param_634,8.359383191056574e-05
param_609,8.35800079565619e-05
param_2031,8.332089572830144e-05
param_435,8.324360150337207e-05
param_1892,8.292094528428193e-05
param_1721,8.258488919858412e-05
param_1364,8.228983316145184e-05
param_2351,8.218363736625635e-05
param_684,8.217940085567309e-05
param_377,8.21663308040327e-05
param_1677,8.177089788101539e-05
param_2410,8.157182031511067e-05
param_1112,8.155868254835504e-05
param_855,8.15163851963132e-05
param_2017,8.130523245890383e-05
param_2406,8.111935426758985e-05
param_1808,8.100319100113408e-05
param_218,8.085310260405257e-05
param_1729,8.079873951450174e-05
param_2059,8.078258749880334e-05
param_1507,8.052512996660488e-05
param_1654,8.0236161521371e-05
param_1121,7.956817608339478e-05
param_2456,7.956542617268055e-05
param_567,7.92666112150917e-05
param_1755,7.90176732450612e-05
param_2220,7.89659885257945e-05
param_1547,7.892357052271596e-05
param_2289,7.87540603074908e-05
param_467,7.842816753520706e-05
param_863,7.822794700822399e-05
param_172,7.817534848060919e-05
param_1861,7.782479145546777e-05
param_783,7.77430564695162e-05
param_1450,7.766761963072607e-05
param_1676,7.760176500343154e-05
param_1381,7.72437361279228e-05
param_102,7.709060583089913e-05
param_2139,7.708204693527508e-05
param_1715,7.701958005479086e-05
param_322,7.654777671238703e-05
param_58,7.633350232567758e-05
param_1509,7.628911599642795e-05
param_137,7.626984418897094e-05
param_1150,7.596090278247617e-05
param_1600,7.594920134094698e-05
param_1851,7.558055428069363e-05
param_185,7.533578606789472e-05
param_786,7.533155467544779e-05
param_2344,7.514576352470737e-05
param_767,7.456590426849464e-05
param_563,7.438632668379967e-05
param_2226,7.42833176429803e-05
param_1946,7.398881295309083e-05
param_2302,7.39611644838915e-05
param_184,7.328737981017144e-05
param_1212,7.305881591185001e-05
param_661,7.240843976359644e-05
param_16,7.223568057934534e-05
param_2439,7.154660105896553e-05
param_1160,7.133611838514901e-05
param_721,7.110610196394734e-05
param_2486,7.101563470386786e-05
param_85,7.095811651844675e-05
param_1257,7.095694885065853e-05
param_1533,7.093646429887242e-05
param_524,7.089193795844291e-05
param_2375,7.086153804635012e-05
param_2104,7.042872718402759e-05
param_269,7.040939978651514e-05
param_2450,7.038363802309442e-05
param_424,7.036864050275487e-05
param_1712,7.018603872917767e-05
param_2325,7.009040983522347e-05
param_1708,6.9905134696347e-05
param_177,6.976637324880724e-05
param_1180,6.971442690851412e-05
param_1877,6.968508425531938e-05
param_551,6.958209570394576e-05
param_951,6.927600186146178e-05
param_1464,6.921367414822627e-05
param_2419,6.905337949808575e-05
param_195,6.878192259041431e-05
param_214,6.87130738671901e-05
param_1156,6.853847894933519e-05
param_1626,6.800274334354898e-05
param_823,6.772802558856803e-05
param_1984,6.760749029755611e-05
param_1031,6.70186350482665e-05
param_952,6.687613787664992e-05
param_466,6.666316721570472e-05
param_470,6.615901748920645e-05
param_1044,6.598243172952688e-05
param_1430,6.596417897279792e-05
param_1645,6.559682330216772e-05
param_1814,6.531804128716974e-05
param_892,6.4638658414663e-05
param_681,6.454049290080463e-05
param_2291,6.442160901180042e-05
param_877,6.437508492354968e-05
param_1822,6.437472613283571e-05
param_838,6.42707119885657e-05
param_1370,6.388650180177947e-05
param_170,6.384138853257748e-05
param_386,6.321272471538451e-05
param_1593,6.320941569312677e-05
param_993,6.312973970367671e-05
param_193,6.29629761275028e-05
param_2224,6.294100500056647e-05
param_183,6.29042500482725e-05
param_1535,6.27661483042389e-05
param_2338,6.276383230341644e-05
param_1266,6.26498927169013e-05
param_1190,6.203766232100115e-05
param_47,6.191829362219805e-05
param_1962,6.180983240478078e-05
param_1008,6.169886634890243e-05
param_1525,6.164561940710919e-05
param_61,6.160444988667272e-05
param_113,6.153317893154083e-05
param_2134,6.14948870824719e-05
param_696,6.147774557223257e-05
param_1734,6.141805615743199e-05
param_1681,6.13046493442279e-05
param_657,6.0856467399532016e-05
param_1505,6.068537592397706e-05
param_1188,6.0669380670433656e-05
param_1528,6.0555570976018594e-05
param_2232,6.053499740305866e-05
param_1598,6.0516564321158685e-05
param_431,6.0457661120525154e-05
param_2467,6.018964510078856e-05
param_2016,5.991270771601883e-05
param_2454,5.9855052687557884e-05
param_43,5.9569181160430785e-05
param_448,5.92530755405189e-05
param_146,5.918502532126484e-05
param_1596,5.9087556702024044e-05
param_1902,5.9005104417290896e-05
param_1087,5.888356163702316e-05
param_1411,5.883786882843584e-05
param_230,5.8758607755486774e-05
param_913,5.867320497251203e-05
param_1983,5.865673805163071e-05
param_503,5.860794241814039e-05
param_1474,5.8514609688712184e-05
param_1889,5.827295197457494e-05
param_871,5.795528066302157e-05
param_959,5.7782805695062076e-05
param_1412,5.76159504092008e-05
param_1827,5.752738256179444e-05
param_1763,5.7402641769424045e-05
param_354,5.734895446974225e-05
param_20,5.729212932800065e-05
param_1852,5.707143346611261e-05
param_2146,5.7020622740198194e-05
param_2101,5.698066008355892e-05
param_979,5.6867540059152946e-05
param_1856,5.678598821515004e-05
param_1247,5.613736754219952e-05
param_168,5.609319009670343e-05
param_316,5.604971602893875e-05
param_2109,5.5453678628942286e-05
param_1950,5.541902854727344e-05
param_2102,5.532549753946343e-05
param_526,5.5225759326737454e-05
param_458,5.5162510828159515e-05
param_660,5.510766700919671e-05
param_2464,5.482183304149786e-05
param_498,5.464658279531674e-05
param_1999,5.439272770326441e-05
param_2,5.4304746974859714e-05
param_1809,5.4203750201257774e-05
param_635,5.4127674056765874e-05
param_1624,5.411730579170496e-05
param_2401,5.385048359734093e-05
param_769,5.3849107811875366e-05
param_1865,5.382774992590551e-05
param_572,5.372406134447542e-05
param_1391,5.309472343724853e-05
param_11,5.2945676859449364e-05
param_1536,5.286834010484509e-05
param_339,5.26769509057476e-05
param_1063,5.2614927729752214e-05
param_1840,5.2483898078525384e-05
param_1544,5.2422996242076384e-05
param_229,5.210680517673311e-05
param_1110,5.210651522656214e-05
param_2044,5.204637155416959e-05
param_2447,5.189765222688224e-05
param_1455,5.178954785275625e-05
param_2201,5.1666549069937706e-05
param_2197,5.166078702601809e-05
param_2431,5.164742939694715e-05
param_12,5.1507773996834445e-05
param_211,5.150015184325018e-05
param_2210,5.14522579831213e-05
param_1053,5.130438172820452e-05
param_829,5.1296329173011966e-05
param_2274,5.124408067828151e-05
param_2174,5.082662900566885e-05
param_1887,5.0788878950978666e-05
param_1493,5.07493152137262e-05
param_906,5.074421790454749e-05
param_2499,5.061184572672645e-05
param_1245,5.056647800561555e-05
param_1299,5.044641953337844e-05
param_412,5.027791064730948e-05
param_2340,4.944616615778007e-05
param_1456,4.907971803456759e-05
param_123,4.881853106473767e-05
param_1987,4.8784688244109354e-05
param_585,4.843875970717989e-05
param_2155,4.8296280551343726e-05
param_1948,4.802345616106442e-05
param_1380,4.7808876150273074e-05
param_1922,4.773903306178725e-05
param_1981,4.76463109662495e-05
param_608,4.763554907449957e-05
param_2365,4.744900058262999e-05
param_1268,4.726797567216526e-05
param_2348,4.72355767581851e-05
param_613,4.709962062776549e-05
param_1660,4.688601712914736e-05
param_1781,4.6883500165458134e-05
param_2028,4.683584720390884e-05
param_1307,4.677025206784074e-05
param_143,4.671177537914577e-05
param_1148,4.656734944743316e-05
param_1285,4.650738222101228e-05
param_2222,4.641482372825532e-05
param_306,4.63301572077252e-05
param_1668,4.616825048077127e-05
param_2115,4.613983873774307e-05
param_71,4.606684786767437e-05
param_900,4.602964811422429e-05
param_2040,4.576914684598747e-05
param_1603,4.571095537310883e-05
param_566,4.556448731100867e-05
param_676,4.52876177699263e-05
param_1688,4.51804049236535e-05
param_1719,4.508008657415324e-05
param_1622,4.49835623000466e-05
param_2192,4.492162782569774e-05
param_591,4.461151631861337e-05
param_699,4.443436520299661e-05
param_1273,4.4310380508601205e-05
param_50,4.414471126714523e-05
param_1786,4.413738792153066e-05
param_1960,4.403766009935066e-05
param_671,4.3839089900189965e-05
param_187,4.3743084456075215e-05
param_541,4.3608481351332755e-05
param_1489,4.337822151760078e-05
param_1037,4.327864036235664e-05
param_1659,4.32692241799964e-05
param_2003,4.322659353646025e-05
param_1765,4.31456633603122e-05
param_2073,4.286641023882407e-05
param_2294,4.248553235796828e-05
param_1213,4.2325466997488605e-05
param_2470,4.226748440118888e-05
param_1904,4.210923277831378e-05
param_1233,4.2072120824957366e-05
param_1057,4.1784907698486814e-05
param_2038,4.17595938547826e-05
param_497,4.155285954314599e-05
param_1899,4.155097480504805e-05
param_602,4.1470371377651546e-05
param_1124,4.135970701933051e-05
param_2253,4.129435205368806e-05
param_2074,4.1164654006016295e-05
param_1736,4.093838703797369e-05
param_1872,4.090433210297809e-05
param_284,4.063347166505093e-05
param_2112,4.051438133816689e-05
param_2487,4.047290236697871e-05
param_2277,4.046695409441343e-05
param_1459,4.0350978685165304e-05
param_1000,4.0313460630358894e-05
param_249,4.031027284492387e-05
param_1577,4.028688740640639e-05
param_722,4.0234517639630603e-05
param_2033,4.014432907951446e-05
param_1172,4.01331763883175e-05
param_1718,3.969772038084273e-05
param_1409,3.951737179791632e-05
param_758,3.949693279424423e-05
param_1790,3.945205122848962e-05
param_1572,3.941454609888119e-05
param_1488,3.941322351946038e-05
param_1083,3.936804046264266e-05
param_1058,3.936382100144931e-05
param_939,3.9323076961208656e-05
param_570,3.914331542601148e-05
param_712,3.902863960546262e-05
param_510,3.898760128826324e-05
param_1184,3.862996938700324e-05
param_2300,3.8577870315101386e-05
param_1422,3.855230380392188e-05
param_686,3.855054847336705e-05
param_2041,3.837623617853287e-05
param_434,3.815222081038163e-05
param_1372,3.803157693149041e-05
param_2472,3.798335231585464e-05
param_2249,3.789598724044597e-05
param_606,3.7832478778974426e-05
param_2002,3.78141054355522e-05
param_73,3.7611451165803206e-05
param_984,3.7610822147807625e-05
param_2094,3.7532934529419764e-05
param_2088,3.7519679729315895e-05
param_1647,3.743899522958657e-05
param_1977,3.734888945556798e-05
param_83,3.719351785097058e-05
param_540,3.692966599801109e-05
param_1703,3.688419709009793e-05
param_404,3.677605578023816e-05
param_1185,3.6740612437106465e-05
param_1122,3.670357874106238e-05
param_2172,3.669758038879745e-05
param_807,3.656699754452592e-05
param_961,3.649422754880536e-05
param_444,3.6462399082560446e-05
param_270,3.644509944472383e-05
param_701,3.6395611229280426e-05
param_1828,3.637532569716437e-05
param_2113,3.63024787932496e-05
param_1275,3.617700089557324e-05
param_2462,3.617480433683041e-05
param_1461,3.569673240744618e-05
param_1674,3.5551035559615655e-05
param_1700,3.553370907869373e-05
param_482,3.53938854114169e-05
param_1144,3.533052226067017e-05
param_384,3.4974433226882456e-05
param_280,3.4584771277968446e-05
param_1499,3.44835312825772e-05
param_90,3.445170431923969e-05
param_1420,3.4343221241893634e-05
param_385,3.428176492773284e-05
param_1713,3.4267911646758845e-05
param_1368,3.42620689138563e-05
param_266,3.421522339189218e-05
param_2154,3.416057582395312e-05
param_1253,3.390663335807659e-05
param_856,3.384392775998658e-05
param_752,3.3624488205854936e-05
param_1306,3.3390012088714934e-05
param_1972,3.328433523089062e-05
param_707,3.318317623990554e-05
param_54,3.313905091509314e-05
param_171,3.305009670503536e-05
param_587,3.289688335440732e-05
param_2166,3.277369200354704e-05
param_1868,3.270594945116399e-05
param_632,3.262251707407686e-05
param_417,3.257580621670049e-05
param_1405,3.246375025618766e-05
param_445,3.232409028824128e-05
param_1359,3.226480943225963e-05
param_1467,3.209906076114221e-05
param_18,3.206537803464496e-05
param_2272,3.2058875697374223e-05
param_2186,3.2012829380247516e-05
param_175,3.192492813693405e-05
param_804,3.179954041931596e-05
param_1220,3.168742010809911e-05
param_88,3.165257971977024e-05
param_2070,3.1598444884771544e-05
param_974,3.159468302611416e-05
param_1300,3.1575173152810824e-05
param_1242,3.150378474985152e-05
param_1787,3.141962745181589e-05
param_33,3.132756152416813e-05
param_2051,3.1309659207236474e-05
param_624,3.108962310416059e-05
param_963,3.094086647566398e-05
param_2215,3.0887184037275685e-05
param_1789,3.0734551214321875e-05
param_2278,3.07026178156911e-05
param_1989,3.063784478235427e-05
param_2353,3.0591165767695895e-05
param_2313,3.055823307712325e-05
param_2030,3.051952156147799e-05
param_1193,3.0414932481080948e-05
param_1606,3.0277614508391707e-05
param_2433,3.0180363367419256e-05
param_2204,3.0094064536521452e-05
param_134,2.998730663143308e-05
param_674,2.9890127604770497e-05
param_907,2.9782387378051027e-05
param_1575,2.9758245184035308e-05
param_1338,2.9704751213640388e-05
param_151,2.9623576578306632e-05
param_463,2.9282659456359977e-05
param_1179,2.9245981300879986e-05
param_1332,2.9112089300670877e-05
param_1009,2.9080516117707474e-05
param_1521,2.9032993807811292e-05
param_1744,2.8991379667172105e-05
param_2165,2.8969696227819093e-05
param_2169,2.890757975392335e-05
param_2361,2.8873019099655024e-05
param_1157,2.8836209167272247e-05
param_2321,2.8720599170602086e-05
param_2296,2.869806014363658e-05
param_1218,2.807216995349435e-05
param_554,2.8062970514647224e-05
param_1965,2.8061673566266386e-05
param_1417,2.8035015298088004e-05
param_1780,2.7944215008688342e-05
param_898,2.785926148457432e-05
param_1032,2.7831717594410758e-05
param_1476,2.7827136306785977e-05
param_996,2.7825687170517464e-05
param_2053,2.7806772700524914e-05
param_1953,2.7797105206477205e-05
param_2240,2.7766782315748953e-05
param_2231,2.766315879459983e-05
param_1730,2.759447300670105e-05
param_1771,2.7509850730841103e-05
param_104,2.7476350397005786e-05
param_1704,2.747118110516502e-05
param_1410,2.7155724887546114e-05
param_379,2.7088755330805757e-05
param_582,2.70138100838611e-05
param_2320,2.672168477257296e-05
param_2136,2.663113352088814e-05
param_2181,2.6592072366972565e-05
param_1315,2.6547241525236993e-05
param_302,2.641711994776071e-05
param_86,2.6361958552829153e-05
param_2050,2.6302946148161195e-05
param_641,2.6265996379411683e-05
param_690,2.6071569829454593e-05
param_1481,2.60440599388873e-05
param_2314,2.6040035771339393e-05
param_1050,2.598946226491681e-05
param_824,2.583064422736741e-05
param_1769,2.5741020166941362e-05
param_1805,2.5649928745035516e-05
param_1513,2.556278406258974e-05
param_2392,2.552861141335538e-05
param_2425,2.5402256917347384e-05
param_1011,2.5349098463814715e-05
param_439,2.5255046107356368e-05
param_1767,2.5247701792464454e-05
param_751,2.509861927052685e-05
param_2065,2.5094338880534346e-05
param_447,2.5038374007838276e-05
param_932,2.4959287157692836e-05
param_425,2.476199138894179e-05
param_677,2.469902773494594e-05
param_1418,2.465526627520479e-05
param_352,2.4606100241598647e-05
param_2071,2.4603785698294052e-05
param_1779,2.4591229196282842e-05
param_1552,2.4482788895948906e-05
param_342,2.447350369439637e-05
param_781,2.4343689973504147e-05
param_1912,2.4317163508990552e-05
param_2203,2.4236283940930623e-05
param_813,2.4187491309555242e-05
param_14,2.4102061788881158e-05
param_1929,2.4093869456312798e-05
param_1587,2.3951276606153667e-05
param_77,2.3943175973299054e-05
param_169,2.37313067136762e-05
param_1941,2.372760889936278e-05
param_1796,2.3658347686478284e-05
param_512,2.355976770192127e-05
param_328,2.3530481413228085e-05
param_1066,2.3503621312638296e-05
param_336,2.3489377240773533e-05
param_162,2.3467865814223408e-05
param_1321,2.3415029497331764e-05
param_1675,2.3264199995194443e-05
param_2492,2.3229255957462172e-05
param_221,2.322797892198393e-05
param_1246,2.321121696884157e-05
param_1549,2.305984230908304e-05
param_1639,2.2976225771671146e-05
param_642,2.2933134276588792e-05
param_397,2.2848931593374026e-05
param_233,2.2819740695673686e-05
param_1330,2.2808277128351208e-05
param_1702,2.274932192146456e-05
param_138,2.2723195166174772e-05
param_1377,2.2720066715738985e-05
param_1198,2.2689613344971904e-05
param_2132,2.263174414133814e-05
param_1346,2.255980575254917e-05
param_265,2.253680275385218e-05
param_2387,2.2522767105260395e-05
param_1685,2.2474322552200324e-05
param_1519,2.246320418055181e-05
param_1845,2.240095473116424e-05
param_1848,2.235544264241842e-05
param_368,2.2325944137741265e-05
param_1152,2.2308839717339087e-05
param_2399,2.2306129988767434e-05
param_1541,2.2303514513725438e-05
param_967,2.2297311076634904e-05
param_791,2.2111334507003713e-05
param_740,2.196368840210424e-05
param_430,2.1936035483026614e-05
param_2175,2.190291030703785e-05
param_2455,2.1855086932498773e-05
param_536,2.1804230318888717e-05
param_451,2.179509150867065e-05
param_42,2.175642737792217e-05
param_301,2.17520996985293e-05
param_1054,2.174434605431698e-05
param_1636,2.1587963384142506e-05
param_1783,2.1558884042158226e-05
param_74,2.154867537699648e-05
param_775,2.14140521096358e-05
param_1743,2.1408857099118237e-05
param_1573,2.1399803697402283e-05
param_1949,2.1322509172637054e-05
param_1766,2.1319954883804904e-05
param_287,2.1277545312022012e-05
param_1874,2.1108047856351716e-05
param_29,2.1026603960475505e-05
param_1802,2.0966927538067174e-05
param_1264,2.0770701262315296e-05
param_452,2.0739409779593276e-05
param_1542,2.0730397318012417e-05
param_1164,2.0707329079458785e-05
param_2189,2.0700834759615945e-05
param_274,2.0658848088269192e-05
param_1646,2.0642879469421537e-05
param_535,2.0577331557893387e-05
param_716,2.0550860371982858e-05
param_1555,2.054278650048142e-05
param_2228,2.0442722409947806e-05
param_2484,2.0424560756310902e-05
param_966,2.041678650280286e-05
param_1735,2.0415511598295713e-05
param_1225,2.0415068963629654e-05
param_754,2.037882217330563e-05
param_1092,2.0339179009529513e-05
param_646,2.0336401763271523e-05
param_2130,2.0303249723157255e-05
param_2010,2.02346990989624e-05
param_1625,2.0187701436599876e-05
param_787,2.016805083202028e-05
param_1312,2.016405018226106e-05
param_2103,2.0148714492882896e-05
param_552,2.0133099293312378e-05
param_361,2.010471764508714e-05
param_2360,2.0033654147362403e-05
param_237,1.9961144671231667e-05
param_2118,1.9922870137458932e-05
param_2089,1.9922626251610072e-05
param_1171,1.989544592467745e-05
param_1055,1.9757448639462356e-05
param_337,1.975360922623166e-05
param_2060,1.97101285117013e-05
param_1398,1.969275972311922e-05
param_515,1.9544579439365705e-05
param_2286,1.9424010364662395e-05
param_866,1.942212026869475e-05
param_297,1.937072137163826e-05
param_296,1.9342912900347634e-05
param_1778,1.9334072622136892e-05
param_2332,1.9329597135800378e-05
param_1335,1.9321653384784255e-05
param_1226,1.9318831692918257e-05
param_649,1.926072524943673e-05
param_1471,1.910088655428815e-05
param_2171,1.909923907293954e-05
param_1726,1.9075771333016203e-05
param_1258,1.9039392251931082e-05
param_875,1.903268165707673e-05
param_1205,1.8981065105244424e-05
param_153,1.898011919554142e-05
param_1642,1.8906600158199723e-05
param_2157,1.8495544012175038e-05
param_997,1.845226816414226e-05
param_1047,1.8381801380058005e-05
param_387,1.821586305598009e-05
param_1673,1.8189101333177914e-05
param_1049,1.8163459348604972e-05
param_538,1.8154726084501493e-05
param_273,1.8141428238858723e-05
param_2390,1.8127814274429227e-05
param_491,1.810906843145988e-05
param_1512,1.8106565125876073e-05
param_612,1.7911535133327115e-05
param_118,1.7833389336031764e-05
param_1192,1.7826532485671016e-05
param_1558,1.7786763333285804e-05
param_474,1.77793452937447e-05
param_2216,1.7745597954319912e-05
param_2259,1.765420914456197e-05
param_1343,1.764203642434702e-05
param_975,1.744651350235004e-05
param_2230,1.739054448247599e-05
param_1635,1.7342575991088827e-05
param_62,1.7335643487976116e-05
param_477,1.724697949063858e-05
param_1740,1.7185034880065127e-05
param_805,1.7032030883347067e-05
param_1413,1.6993992389100287e-05
param_1006,1.6983311994796907e-05
param_857,1.693501928022103e-05
param_1298,1.683021511136751e-05
param_697,1.6813045239478396e-05
param_319,1.675084869259267e-05
param_152,1.6646653877200492e-05
param_912,1.6569131978966272e-05
param_2043,1.6567868659679312e-05
param_2458,1.6507963249883363e-05
param_1982,1.6375728458921675e-05
param_745,1.6319156009429358e-05
param_1669,1.6303340762127354e-05
param_215,1.6302005580287694e-05
param_1694,1.6289683698588364e-05
param_2131,1.6230260766624116e-05
param_35,1.6188822197986186e-05
param_370,1.61224096544189e-05
param_2085,1.610399683030909e-05
param_1015,1.605232937819032e-05
param_371,1.585426071835398e-05
param_2173,1.5745440657406458e-05
param_449,1.5720293462365393e-05
param_408,1.5703177350610155e-05
param_1773,1.5657086422656814e-05
param_232,1.562379125853251e-05
param_2276,1.5577101790996215e-05
param_666,1.5557494403846354e-05
param_48,1.5459553212651418e-05
param_1327,1.543245699646393e-05
param_2389,1.539083600542193e-05
param_2229,1.536989892258866e-05
param_93,1.533387108639866e-05
param_2265,1.532866434319486e-05
param_2354,1.5321642607784806e-05
param_2150,1.530756398397294e-05
param_846,1.5275015609494097e-05
param_2009,1.5174106983539343e-05
param_918,1.5104634355500023e-05
param_516,1.5083980440508768e-05
param_2337,1.5065476998761725e-05
param_1444,1.5064147509129874e-05
param_2067,1.50520016190621e-05
param_1837,1.5029209269584413e-05
param_827,1.4991101048704886e-05
param_1711,1.4986431265103685e-05
param_847,1.498552660273476e-05
param_2062,1.4799217586942577e-05
param_964,1.4765766393110202e-05
param_340,1.4733127682252196e-05
param_2153,1.4728665094260367e-05
param_1867,1.4724030505560773e-05
param_2490,1.4714731224372143e-05
param_1881,1.4681908376175934e-05
param_1795,1.4669921963747454e-05
param_1992,1.466652889982412e-05
param_1524,1.4638539096147381e-05
param_1479,1.4572383806738121e-05
param_708,1.4548799957304229e-05
param_1134,1.4532290277133198e-05
param_334,1.4411260454781355e-05
param_1995,1.420806839394441e-05
param_1470,1.4181151623867977e-05
param_2478,1.4181076817769627e-05
param_664,1.4152767963125708e-05
param_521,1.4145468899907256e-05
param_1458,1.4135270229802911e-05
param_864,1.3981277191059608e-05
param_422,1.3945659979593238e-05
param_1831,1.3876239239278198e-05
param_1397,1.3860562900415097e-05
param_27,1.3847596677994331e-05
param_2310,1.3732599106406076e-05
param_921,1.36390247976801e-05
param_1376,1.350709947121863e-05
param_2235,1.3475332184819923e-05
param_1191,1.3391422489959807e-05
param_2242,1.3319754176570308e-05
param_1529,1.32728876310393e-05
param_965,1.326303346893398e-05
param_1911,1.3214093243141609e-05
param_680,1.3013030056485108e-05
param_244,1.2916122858716481e-05
param_729,1.2894948495206998e-05
param_1340,1.287937256943931e-05
param_941,1.2865266649429287e-05
param_1563,1.283752006548687e-05
param_1221,1.2818029501854257e-05
param_894,1.2808291963990556e-05
param_2029,1.2801346982518921e-05
param_307,1.2786441189721857e-05
param_305,1.2781385394208361e-05
param_2262,1.2661526027094775e-05
param_2263,1.2649745203055803e-05
param_2326,1.2641114077847947e-05
param_1339,1.2525512013558226e-05
param_876,1.250803333031596e-05
param_2452,1.2493871785605532e-05
param_618,1.2483330053604189e-05
param_537,1.2423241043175796e-05
param_220,1.2393246692385095e-05
param_2318,1.232169165372379e-05
param_1096,1.2307353225856805e-05
param_702,1.2295452918381212e-05
param_826,1.2244066384833528e-05
param_1990,1.2175930274715538e-05
param_573,1.2171519142232013e-05
param_2423,1.20936361911906e-05
param_496,1.2088072375116878e-05
param_6,1.2060651887132782e-05
param_2377,1.2045173253290428e-05
param_1497,1.191917715698619e-05
param_999,1.1896955265781466e-05
param_299,1.1893999320201116e-05
param_2114,1.1887701752834607e-05
param_2008,1.1799056631137014e-05
param_1478,1.1751242319055292e-05
param_1644,1.1697176644448607e-05
param_1978,1.1655133363763949e-05
param_416,1.1624892999515169e-05
param_17,1.1619310885679323e-05
param_1214,1.1614173123216345e-05
param_816,1.154513466426751e-05
param_1473,1.1533949499541805e-05
param_2429,1.1530476657657663e-05
param_837,1.1427678575827733e-05
param_1383,1.1284334257555158e-05
param_433,1.1209270433637895e-05
param_3,1.118977186676928e-05
param_2371,1.1142620037148384e-05
param_1540,1.1083838564511614e-05
param_194,1.1016919179126438e-05
param_1818,1.0992230431679552e-05
param_2047,1.0937540436863219e-05
param_2212,1.0880488623819541e-05
param_1570,1.0878873744950222e-05
param_2000,1.082970036609567e-05
param_1002,1.0819430752281054e-05
param_1538,1.0780687691812162e-05
param_1130,1.0740062834705243e-05
param_173,1.0699259831212707e-05
param_308,1.0620829056257666e-05
param_2316,1.053730320564033e-05
param_1390,1.0491108502435435e-05
param_861,1.0433682154429174e-05
param_2061,1.0421035528367202e-05
param_144,1.038538697572029e-05
param_1135,1.0356463694750832e-05
param_726,1.0347270107567817e-05
param_1732,1.033178606257378e-05
param_462,1.0321490356931726e-05
param_523,1.030419171207138e-05
param_1142,1.0285925982008463e-05
param_1187,1.0236805004422774e-05
param_2459,1.0221995025075105e-05
param_2012,1.0064940384311003e-05
param_394,9.98852734288553e-06
param_774,9.984782137909284e-06
param_1023,9.971250137886456e-06
param_919,9.964750178959886e-06
param_509,9.949771712735043e-06
param_667,9.928733260923604e-06
param_1324,9.888398729551088e-06
param_213,9.880743862038008e-06
param_1284,9.873195798312307e-06
param_809,9.869328033352882e-06
param_2461,9.829449356064133e-06
param_2469,9.759625590044514e-06
param_1638,9.726443562923524e-06
param_561,9.700450353020125e-06
param_2122,9.647816357381398e-06
param_798,9.6474614915218e-06
param_1979,9.533447530719269e-06
param_1697,9.493303790453939e-06
param_303,9.4875655177902e-06
param_2287,9.443375938215397e-06
param_1162,9.426333081991227e-06
param_1352,9.395627390691708e-06
param_111,9.334706693635733e-06
param_2185,9.331908595794745e-06
param_51,9.326426110925907e-06
param_98,9.315050247398457e-06
param_1305,9.285188176323021e-06
param_196,9.275921712015883e-06
param_276,9.242734585456896e-06
param_2107,9.21763387077744e-06
param_2093,9.210823583303682e-06
param_1945,9.192133855850145e-06
param_1526,9.174832077818499e-06
param_353,9.141555285374642e-06
param_2327,9.10625731609726e-06
param_1652,9.066845087292745e-06
param_789,9.032824776270493e-06
param_2418,9.026363063200905e-06
param_2476,8.97280374653751e-06
param_1460,8.960327804065072e-06
param_186,8.898051061656158e-06
param_1969,8.822098641579837e-06
param_267,8.802857595006702e-06
param_2402,8.724098334989016e-06
param_1667,8.720575260553649e-06
param_1294,8.717925362533645e-06
param_2383,8.714554464752384e-06
param_1569,8.704177180794879e-06
param_2424,8.695041544206086e-06
param_936,8.562752524079326e-06
param_1451,8.54485001029573e-06
param_161,8.516691959247257e-06
param_1857,8.502917556111402e-06
param_584,8.4633161138628e-06
param_1900,8.430888746842725e-06
param_1271,8.409089877954102e-06
param_973,8.360232702104693e-06
param_675,8.340679316413134e-06
param_1640,8.32403332168888e-06
param_481,8.299328619449987e-06
param_755,8.295733309654291e-06
param_626,8.265913531269934e-06
param_1039,8.22462688603391e-06
param_1367,8.20694655248571e-06
param_286,8.156299343169928e-06
param_1354,8.139797542969557e-06
param_10,8.118729615269212e-06
param_2466,8.102919720936896e-06
param_1616,8.076804303052869e-06
param_34,7.996790074515691e-06
param_1463,7.849031725496571e-06
param_719,7.848463416421895e-06
param_1980,7.824860313962163e-06
param_2343,7.789646335688086e-06
param_762,7.765505428040633e-06
param_2084,7.679005679800807e-06
param_468,7.666395447243284e-06
param_843,7.620287484042088e-06
param_380,7.614284426423685e-06
param_1189,7.540775597679144e-06
param_1684,7.479172848075881e-06
param_114,7.4537702354977354e-06
param_2370,7.401612303786436e-06
param_2451,7.303329343294533e-06
param_2267,7.278730583113157e-06
param_1750,7.265245023449336e-06
param_22,7.248029831105815e-06
param_713,7.227847177567549e-06
param_1379,7.2028754475512385e-06
param_2357,7.156165803853899e-06
param_1671,7.119504517370002e-06
param_1562,7.062419877522109e-06
param_1001,7.042872154307062e-06
param_793,7.031284550518614e-06
param_644,7.0247988802655264e-06
param_1716,7.020078547698975e-06
param_166,7.013987390492232e-06
param_1768,7.009712698112204e-06
param_338,6.952876605648093e-06
param_980,6.951257198916065e-06
param_1415,6.94916499286497e-06
param_2111,6.948785878430748e-06
param_180,6.932881930573257e-06
param_167,6.824275909800687e-06
param_2183,6.805678975262663e-06
param_112,6.71103863575611e-06
param_2379,6.685939843137882e-06
param_360,6.635801826009637e-06
param_910,6.628291760207527e-06
param_568,6.614589094289898e-06
param_1858,6.598030038240438e-06
param_2170,6.587941134267829e-06
param_1351,6.570136918950978e-06
param_294,6.5689335974709085e-06
param_1350,6.562215362981191e-06
param_1522,6.461574465140093e-06
param_917,6.447022658780559e-06
param_2218,6.401325661417617e-06
param_2163,6.389015791332493e-06
param_1168,6.312336543260717e-06
param_623,6.31030417239326e-06
param_704,6.255402984670456e-06
param_562,6.2383759381183864e-06
param_763,6.228120234033812e-06
param_1328,6.200040258798967e-06
param_181,6.113397125894401e-06
param_2331,6.0420815765266785e-06
param_808,6.032496847117119e-06
param_257,6.030464289155398e-06
param_1320,6.0223913324805265e-06
param_469,6.017713645404663e-06
param_1462,5.986042524298481e-06
param_1772,5.960884050892161e-06
param_553,5.954144616901505e-06
param_165,5.9398157452371134e-06
param_911,5.919165953105924e-06
param_285,5.891319818749673e-06
param_1250,5.884291504890344e-06
param_396,5.837570795916774e-06
param_1975,5.819684205583481e-06
param_886,5.770717615357139e-06
param_231,5.758801582491958e-06
param_2196,5.756463835662075e-06
param_1283,5.75237379955618e-06
param_247,5.736009440739075e-06
param_1885,5.721998989831108e-06
param_100,5.705617615458305e-06
param_1234,5.6963281348116666e-06
param_1375,5.676928925481256e-06
param_2213,5.662470311904642e-06
param_1428,5.63079738560552e-06
param_689,5.614088633529673e-06
param_2413,5.578058055574282e-06
param_836,5.538386794616673e-06
param_1760,5.519299438728122e-06
param_1469,5.51154850705902e-06
param_121,5.466711851771983e-06
param_1602,5.4586578307667e-06
param_1272,5.425594133118597e-06
param_1798,5.4246833150449246e-06
param_2299,5.419975363955588e-06
param_1952,5.3979346521607155e-06
param_1202,5.389395226161267e-06
param_1792,5.376081238719865e-06
param_1394,5.373561298943793e-06
param_251,5.360622345639286e-06
param_2400,5.320296950844916e-06
param_954,5.305005931436555e-06
param_1287,5.29123818481872e-06
param_1269,5.233251570490984e-06
param_2264,5.195775367936366e-06
param_1448,5.151301282282073e-06
param_1797,5.148343985183734e-06
param_1021,5.141141763407701e-06
param_2152,5.060884581478703e-06
param_2453,4.9745916349321e-06
param_1935,4.967675203168425e-06
param_64,4.93475293261055e-06
param_2345,4.917556688075058e-06
param_202,4.899035136487579e-06
param_703,4.88564317225402e-06
param_603,4.8474912960452395e-06
param_1052,4.847326207857864e-06
param_746,4.837285193390338e-06
param_95,4.822040362680314e-06
param_575,4.82074794592757e-06
param_2066,4.8067346080881146e-06
param_1303,4.778469756034682e-06
param_901,4.764297421087658e-06
param_475,4.708685439649317e-06
param_1931,4.7019872121528156e-06
param_351,4.6908956693547625e-06
param_2092,4.681482717256792e-06
param_1739,4.678131152520923e-06
param_1966,4.658594244732607e-06
param_2283,4.602944214833991e-06
param_483,4.601933285099846e-06
param_1816,4.587844339748015e-06
param_1733,4.582524605513464e-06
param_2347,4.554726474621941e-06
param_225,4.519476185575289e-06
param_1820,4.5166982551768465e-06
param_1241,4.5145200253375204e-06
param_421,4.493177916019206e-06
param_586,4.481603118727884e-06
param_841,4.46276174136041e-06
param_119,4.460658663830651e-06
param_977,4.455458541567981e-06
param_2305,4.455105157592184e-06
param_1494,4.4406973568284065e-06
param_226,4.420916472178776e-06
param_2384,4.408974344987971e-06
param_970,4.3992795884226055e-06
param_730,4.381414682780179e-06
param_1183,4.365641996792914e-06
param_1738,4.361301338764929e-06
param_2493,4.356981571053427e-06
param_520,4.333721266792221e-06
param_800,4.316295276202698e-06
param_1662,4.311774251602421e-06
param_1208,4.311621569930938e-06
param_873,4.3004015497880675e-06
param_550,4.286730181739902e-06
param_845,4.2832898614826916e-06
param_1699,4.253133415992325e-06
param_346,4.24293768269024e-06
param_1070,4.237254830220084e-06
param_1139,4.212407274937252e-06
param_1968,4.170704135403725e-06
param_1392,4.14825343680155e-06
param_2048,4.115640036145565e-06
param_2202,4.103832896742765e-06
param_19,4.075147942645963e-06
param_2328,4.060029747448818e-06
param_1056,4.049104341494383e-06
param_799,4.0442705347408764e-06
param_2237,4.042165292162417e-06
param_240,4.04042292029445e-06
param_1520,4.035393475762444e-06
param_764,3.992239385451095e-06
param_1079,3.974877781040653e-06
param_611,3.974281749346247e-06
param_888,3.949238919078686e-06
param_1834,3.936405302822951e-06
param_5,3.887071887008655e-06
param_442,3.871472981512136e-06
param_860,3.868966149456729e-06
param_1215,3.8663744397289626e-06
param_343,3.85564430571392e-06
param_1550,3.835730600617958e-06
param_507,3.8302299613698365e-06
param_645,3.7913117659506236e-06
param_1181,3.7866317498087883e-06
param_2303,3.7810508676417256e-06
param_949,3.706045455937829e-06
param_1643,3.636415903365903e-06
param_2193,3.6206658265004396e-06
param_1940,3.6052607546012403e-06
param_2116,3.6006741233926272e-06
param_891,3.569749517608082e-06
param_2393,3.5500939333046147e-06
param_1369,3.543627510453781e-06
param_381,3.534102370839115e-06
param_1862,3.5073755620964776e-06
param_2158,3.4610226260267397e-06
param_1523,3.4548366366176148e-06
param_2359,3.4509282374050996e-06
param_1896,3.4382938511463605e-06
param_1012,3.432763390449303e-06
param_2405,3.3972261688825633e-06
param_1288,3.371465319443815e-06
param_1138,3.3493133475564973e-06
param_1835,3.3476215173626342e-06
param_1484,3.3437176024279333e-06
param_1878,3.311767983031586e-06
param_531,3.2997276497620376e-06
param_2206,3.2358844590053794e-06
param_1274,3.1812171834427097e-06
param_2217,3.169741639648562e-06
param_1690,3.1685080405625457e-06
param_1720,3.1640448466229952e-06
param_1691,3.157903729732241e-06
param_2234,3.1400334997022764e-06
param_1717,3.1289097908737856e-06
param_796,3.0946792721991383e-06
param_159,3.094295929190699e-06
param_1041,3.069913543718197e-06
param_662,3.062331386391916e-06
param_748,3.055585178084532e-06
param_971,2.9815943996591874e-06
param_654,2.9072191470939834e-06
param_1361,2.9021628422418123e-06
param_1686,2.8739665486844684e-06
param_1360,2.863449012143536e-06
param_364,2.839896217910961e-06
param_1446,2.835621916865129e-06
param_1553,2.7321710434256992e-06
param_1210,2.7046305597950864e-06
param_2279,2.684866801137293e-06
param_400,2.6615387516531644e-06
param_136,2.6576447442854237e-06
param_1823,2.6032815187939407e-06
param_1591,2.580034857784597e-06
param_1502,2.5777175688482443e-06
param_501,2.5474976231660914e-06
param_631,2.5438079659168163e-06
param_156,2.5362608639969114e-06
param_880,2.502233098253009e-06
param_1607,2.499007857346336e-06
param_711,2.498845009625355e-06
param_149,2.4969800456962445e-06
param_252,2.4812580702254247e-06
param_69,2.468001940466832e-06
param_1120,2.461629140760086e-06
param_1026,2.4456001480819323e-06
param_1890,2.4436999322617338e-06
param_1832,2.4420212562631834e-06
param_1666,2.4086339126773815e-06
param_962,2.3985368237817054e-06
param_1539,2.3961384865889775e-06
param_1356,2.3681661365231733e-06
param_1423,2.3347148867150744e-06
param_1915,2.331743206514409e-06
param_222,2.3237389378865267e-06
param_1631,2.276914367531386e-06
param_1080,2.2588784135104386e-06
param_2149,2.217011633919438e-06
param_495,2.207918072500593e-06
param_2463,2.1550327078848253e-06
param_1875,2.11231455121745e-06
param_182,2.1117707772440798e-06
param_2123,2.0795497043525025e-06
param_1363,2.0790443843792535e-06
param_957,2.07566960651636e-06
param_374,2.0678651282018313e-06
param_785,2.0536340838389084e-06
param_1951,2.052236091928529e-06
param_868,2.0414569221287046e-06
param_1939,2.040429535702096e-06
param_1728,2.039204376848439e-06
param_128,2.007950509051445e-06
param_31,2.007383108734461e-06
param_1595,1.999271941090921e-06
param_2106,1.9737336743330498e-06
param_324,1.952675301467261e-06
param_2482,1.91265991700169e-06
param_988,1.8975079795068765e-06
param_938,1.8949968776138368e-06
param_1427,1.860840650325002e-06
param_727,1.8224263802228763e-06
param_2282,1.8164548586462345e-06
param_1371,1.8006393639687138e-06
param_2138,1.7690710660577158e-06
param_628,1.7616253045375846e-06
param_1762,1.7482745221461108e-06
param_9,1.7202187601099922e-06
param_2317,1.7125794224590807e-06
param_627,1.7093022499426025e-06
param_600,1.709218684830886e-06
param_760,1.7026991760167865e-06
param_418,1.6666229675088718e-06
param_580,1.6591051221471424e-06
param_1029,1.6574115310266553e-06
param_557,1.6101015474450345e-06
param_597,1.6031990985009699e-06
param_1038,1.6009837360091887e-06
param_648,1.5970274663911922e-06
param_1812,1.5835988943196567e-06
param_1997,1.5816113541756568e-06
param_1880,1.5754068293142544e-06
param_268,1.5581000709713463e-06
param_150,1.5560773205225068e-06
param_1270,1.554845835950864e-06
param_514,1.5387379104687015e-06
param_2436,1.5326918506486308e-06
param_2239,1.5169152241181672e-06
param_946,1.506983313393976e-06
param_596,1.4941963780182972e-06
param_737,1.4925902600369604e-06
param_1115,1.4687243577630727e-06
param_1020,1.4652798889417288e-06
param_426,1.4553749059874043e-06
param_1005,1.4306242989400655e-06
param_725,1.4265705963218862e-06
param_652,1.4163725122812352e-06
param_23,1.4142059206478316e-06
param_1923,1.4122684829877404e-06
param_80,1.3916629776774584e-06
param_895,1.3650258860476843e-06
param_1118,1.3619666863040066e-06
param_1486,1.3616914685805324e-06
param_1165,1.3615425124083693e-06
param_1468,1.3122136389438239e-06
param_2082,1.3012687020692516e-06
param_1128,1.2998126386951762e-06
param_930,1.2816799501754053e-06
param_2322,1.2696671565742714e-06
param_289,1.248895455003597e-06
param_1348,1.2440052319800657e-06
param_2428,1.2325962342901043e-06
param_724,1.219180526647708e-06
param_1345,1.215566986004017e-06
param_1069,1.1974908389247414e-06
param_1871,1.1970370122529098e-06
param_1075,1.184594612614645e-06
param_1693,1.1799777576148869e-06
param_992,1.1533477268723793e-06
param_2244,1.1456600171160497e-06
param_1261,1.1336002683642743e-06
param_2164,1.1186730603178107e-06
param_2037,1.1093891859418117e-06
param_1737,1.10757854898912e-06
param_1178,1.0919660371331496e-06
param_1756,1.087815003760373e-06
param_2096,1.0605395795801017e-06
param_1013,1.047973032719412e-06
param_650,1.0316526638881474e-06
param_2408,1.0266798773007856e-06
param_672,1.0210527862978669e-06
param_2245,1.0208755500659225e-06
param_1926,1.0092502457037826e-06
param_994,1.00916318522342e-06
param_2479,1.003555838523554e-06
param_915,9.928992044499972e-07
param_2271,9.909416080861276e-07
param_756,9.628906243370734e-07
param_849,9.560267771670362e-07
param_1687,9.556276843412838e-07
param_1131,9.447085582567183e-07
param_1387,9.436584087366299e-07
param_1342,9.41898322210689e-07
param_1506,9.295460987719615e-07
param_588,9.27889078945409e-07
param_2394,9.271535502523342e-07
param_383,9.162566205670442e-07
param_63,8.903688220534241e-07
param_419,8.741421791440369e-07
param_2497,8.699338687926229e-07
param_325,8.685669791404118e-07
param_2366,8.530735031171921e-07
param_1064,8.380709450394521e-07
param_1336,8.337079815728617e-07
param_896,8.288188225015797e-07
param_2054,7.887086516204761e-07
param_2188,7.718309552510544e-07
param_1061,7.683909780871758e-07
param_1365,7.617420649208303e-07
param_777,7.543021004183852e-07
param_1757,7.452760709165222e-07
param_2248,7.036560544134552e-07
param_549,7.035928845740148e-07
param_1453,6.932030647587954e-07
param_2280,6.931815521663562e-07
param_1259,6.798687388094154e-07
param_2080,6.791369969240066e-07
param_290,6.780533050762166e-07
param_2273,6.746618125940733e-07
param_2311,6.587306009828389e-07
param_365,6.470366807398808e-07
param_1917,6.369803204591272e-07
param_66,6.217709949957905e-07
param_1907,6.214782075524105e-07
param_487,6.143947824626398e-07
param_1301,6.076824915241808e-07
param_885,6.03980212870435e-07
param_1959,5.878466279748939e-07
param_248,5.834485016304553e-07
param_610,5.800422385724899e-07
param_1955,5.716910523426289e-07
param_1491,5.709899216186611e-07
param_1663,5.647173123813106e-07
param_110,5.603771253860673e-07
param_931,5.529808203222423e-07
param_1882,5.379653704419801e-07
param_455,5.243143331420426e-07
param_2055,5.229672124970399e-07
param_1182,5.221685230663151e-07
param_759,5.220278110920502e-07
param_1036,5.071211654421152e-07
param_402,4.828423882435931e-07
param_1109,4.801519474908715e-07
param_335,4.741483391903365e-07
param_1126,4.7213875556307386e-07
param_2403,4.5647835330803494e-07
param_1698,4.292979641962693e-07
param_2335,4.2842829299272466e-07
param_749,4.2180708163449554e-07
param_75,4.2109607200156645e-07
param_1985,4.155604544364454e-07
param_1211,4.152431903831352e-07
param_601,4.1348757916450887e-07
param_367,4.1163989540610877e-07
param_1692,3.7759674262722777e-07
param_1517,3.7389127586195527e-07
param_486,3.7381598346987065e-07
param_852,3.657129598534778e-07
param_2072,3.6069384207512547e-07
param_436,3.53342303178412e-07
param_2432,3.492312280809331e-07
param_1490,3.479774902736856e-07
param_1329,3.4231064331193746e-07
param_1279,3.417587600164039e-07
param_2315,3.4134153637799144e-07
param_830,3.301889190600538e-07
param_883,3.1531658978822515e-07
param_53,3.1215220131903987e-07
param_2207,2.774569687638372e-07
param_2385,2.7005825731912533e-07
param_506,2.5476232478054144e-07
param_1068,2.524229750203538e-07
param_1776,2.496262465200338e-07
param_814,2.3415894603023046e-07
param_685,2.3167735618261277e-07
param_2438,2.2185141313429669e-07
param_188,2.125965711654336e-07
param_369,2.1037009255824708e-07
param_2124,2.067718423196209e-07
param_782,1.9714782430525634e-07
param_283,1.933995087898059e-07
param_658,1.886808449640328e-07
param_2441,1.8360783408973967e-07
param_1119,1.7617483515972388e-07
param_259,1.7295932017577737e-07
param_1042,1.6524579374166121e-07
param_2427,1.5452345690739474e-07
param_2075,1.50579806900674e-07
param_899,1.3657766134756995e-07
param_432,1.234859080944853e-07
param_2100,1.2348338137016012e-07
param_1609,1.225157755013932e-07
param_8,1.2234280562072232e-07
param_812,1.2089393698068273e-07
param_593,1.1665983254465253e-07
param_539,1.0025619206335157e-07
param_2205,8.221356785550235e-08
param_739,6.65739243812634e-08
param_1133,6.331150428520213e-08
param_1389,6.102408910915492e-08
param_879,5.965500596424083e-08
param_2144,5.865765663919212e-08
param_357,5.689030605548864e-08
param_2184,5.56346458975402e-08
param_734,5.262575424197914e-08
param_1817,5.02934248859275e-08
param_1313,4.905568140475871e-08
param_945,4.8402467915548435e-08
param_2473,4.039581393830251e-08
param_1617,3.714554584709157e-08
param_1655,2.728109554276555e-08
param_209,2.3496870098365387e-08
param_529,2.111559249382899e-08
param_923,1.6363235245762783e-08
param_1027,1.6346198534341778e-08
param_1653,1.2144562866827412e-08
param_874,1.2135478633793216e-08
param_1167,1.1259137284319249e-08
param_2129,1.11455738563395e-08
param_706,1.0490140870093254e-08
param_1082,8.698048145758913e-09
param_293,5.961689794511526e-09
param_1170,5.648856639213567e-09
param_1775,5.148581331160863e-09
param_197,4.714070004215065e-09
param_1204,3.441559971077513e-09
param_732,3.2875903730270025e-09
param_2324,1.9791897557132033e-09
param_2143,1.6727274474136555e-09
param_2027,9.268015635978307e-10
param_359,6.050087467497895e-10
param_617,6.339584314732509e-11
param_1199,4.855599901430529e-13
param_839,6.627580369366238e-14
param_1897,1.9591728910121722e-14
param_21,0.0
param_108,0.0
param_1349,0.0
param_1724,0.0
param_1238,0.0
param_279,0.0
param_450,0.0
param_1249,0.0
param_1613,0.0
param_1117,0.0
param_2022,0.0
param_2019,0.0
param_1018,0.0
param_1838,0.0
param_1278,0.0
param_1998,0.0
param_1419,0.0
param_639,0.0
